{"cameraMode":{"drawMode":0,"name":"Shaded","section":"Shading Mode"},"sceneLighting":false,"audioPlay":false,"sceneViewState":{"showFog":true,"showMaterialUpdate":true,"showSkybox":true,"showFlares":true,"showImageEffects":true,"showParticleSystems":true},"in2DMode":false,"pivot":{"x":-0.0158030167222023,"y":-0.04676077514886856,"z":-0.013022929430007935},"rotation":{"x":-0.0005594876129180193,"y":0.9988471269607544,"z":-0.0464802049100399,"w":-0.011987237259745598},"size":0.44323909282684328,"orthographic":false}