{"cameraMode":{"drawMode":0,"name":"Shaded","section":"Shading Mode"},"sceneLighting":false,"audioPlay":false,"sceneViewState":{"showFog":true,"showMaterialUpdate":true,"showSkybox":true,"showFlares":true,"showImageEffects":true,"showParticleSystems":true},"in2DMode":false,"pivot":{"x":0.04937005043029785,"y":2.4621126651763918,"z":-1.1657991409301758},"rotation":{"x":-0.001953926170244813,"y":0.9969102740287781,"z":-0.026321878656744958,"w":-0.0739816352725029},"size":1.912083625793457,"orthographic":true}