{"cameraMode":{"drawMode":0,"name":"Shaded","section":"Shading Mode"},"sceneLighting":true,"audioPlay":false,"sceneViewState":{"showFog":true,"showMaterialUpdate":true,"showSkybox":true,"showFlares":true,"showImageEffects":true,"showParticleSystems":true},"in2DMode":false,"pivot":{"x":-0.16242027282714845,"y":-2.454000473022461,"z":1.1286495923995972},"rotation":{"x":0.02503358945250511,"y":0.9735733270645142,"z":-0.18471458554267884,"w":0.13194231688976289},"size":1.2899454832077027,"orthographic":true}